"DESCRIPTION","DURATION IN MS","NAME","PARENT SUITE","START TIME","STATUS","STOP TIME","SUB SUITE","SUITE","TEST CLASS","TEST METHOD"
"","350","Upload_ShouldFail_WhenFileIsTooLarge","ThatChat.Backend.Tests","2026-10-05","passed","2026-10-05","ChatApiTests","ThatChat.Backend.Tests.Api","ChatApiTests","Upload_ShouldFail_WhenFileIsTooLarge"
"","90","Middleware_ShouldHandleConcurrentRequests","ThatChat.Backend.Tests","2026-10-05","passed","2026-10-05","ChatApiTests","ThatChat.Backend.Tests.Api","ChatApiTests","Middleware_ShouldHandleConcurrentRequests"
"","140","CreateOrGetPrivateChat_ShouldCreateNew_WhenNoneExists","ThatChat.Backend.Tests","2026-10-05","passed","2026-10-05","ChatServiceTests","ThatChat.Backend.Tests.Services","ChatServiceTests","CreateOrGetPrivateChat_ShouldCreateNew_WhenNoneExists"
"","654","CreateChat_ShouldNotifyTargetUser_ViaSignalR","ThatChat.Backend.Tests","2026-10-05","passed","2026-10-05","ChatHubTests","ThatChat.Backend.Tests.Hubs","ChatHubTests","CreateChat_ShouldNotifyTargetUser_ViaSignalR"
"","7048","CreateChat_ShouldReturn200_WhenUserExists","ThatChat.Backend.Tests","2026-10-05","passed","2026-10-05","ChatApiTests","ThatChat.Backend.Tests.Api","ChatApiTests","CreateChat_ShouldReturn200_WhenUserExists"
"","351","GetChats_ShouldReturnGlobalChat_ForNewUser","ThatChat.Backend.Tests","2026-10-05","passed","2026-10-05","ChatApiTests","ThatChat.Backend.Tests.Api","ChatApiTests","GetChats_ShouldReturnGlobalChat_ForNewUser"
"","726","JoinChat_ShouldNotReceiveMessages_IfUserHasNoAccess","ThatChat.Backend.Tests","2026-10-05","passed","2026-10-05","ChatHubTests","ThatChat.Backend.Tests.Hubs","ChatHubTests","JoinChat_ShouldNotReceiveMessages_IfUserHasNoAccess"
"","65","SaveMessage_ShouldReturnNull_WhenMessageAndFileAreEmpty","ThatChat.Backend.Tests","2026-10-05","passed","2026-10-05","ChatServiceTests","ThatChat.Backend.Tests.Services","ChatServiceTests","SaveMessage_ShouldReturnNull_WhenMessageAndFileAreEmpty"
"","23","SaveMessage_ShouldFail_IfUserIsNotInChat","ThatChat.Backend.Tests","2026-10-05","passed","2026-10-05","ChatServiceTests","ThatChat.Backend.Tests.Services","ChatServiceTests","SaveMessage_ShouldFail_IfUserIsNotInChat"
"","12","SaveMessage_ShouldReturnNull_WhenMessageIsTooLong","ThatChat.Backend.Tests","2026-10-05","passed","2026-10-05","ChatServiceTests","ThatChat.Backend.Tests.Services","ChatServiceTests","SaveMessage_ShouldReturnNull_WhenMessageIsTooLong"
"","334","SendMessage_ShouldBroadcastToGroup","ThatChat.Backend.Tests","2026-10-05","passed","2026-10-05","ChatHubTests","ThatChat.Backend.Tests.Hubs","ChatHubTests","SendMessage_ShouldBroadcastToGroup"
